{"cameraMode":{"drawMode":0,"name":"Shaded","section":"Shading Mode"},"sceneLighting":true,"audioPlay":false,"sceneViewState":{"showFog":true,"showMaterialUpdate":true,"showSkybox":true,"showFlares":true,"showImageEffects":true,"showParticleSystems":true},"in2DMode":false,"pivot":{"x":102.98849487304688,"y":25.686050415039064,"z":109.54640197753906},"rotation":{"x":-0.0012244086246937514,"y":-0.9936667680740356,"z":0.011947796680033207,"w":-0.11204682290554047},"size":2.0808639526367189,"orthographic":false}